Usina,Unidade,kp,ks,kusina
H1,-1,0.00002230935641 ,4.183e-5, 0
H2,-1,0.00001874832071 ,4.183e-5, 0
H3,-1,0.00001553066667 ,4.183e-5, 0
H4,-1,0.00001682100639 ,4.183e-5, 0
H5,-1,0.000003308843537,4.183e-5, 0